CustomerID,Name,Country
1,Nicole Brown,India
2,Kathryn Farrell,USA
3,Tyler Miller,India
4,Kurt Leonard,Canada
5,Bryan Zamora,Germany
6,Kristopher Harvey,USA
7,Kevin Mills,USA
8,Christina Moran,Canada
9,James Powers,Canada
10,Eugene Walton,UK
11,Jimmy Murillo,USA
12,Angel Lewis MD,UK
13,Shirley Suarez,India
14,Christopher Bass,USA
15,Lisa Archer,USA
16,Aimee Montoya,Australia
17,Matthew Mcmillan,Germany
18,Brian Rodriguez,USA
19,Denise Jacobs,India
20,Christina Walters,UK
21,John Whitehead,UK
22,Anna Henderson,Australia
23,Aaron Wise,Germany
24,Deborah Figueroa,India
25,Jessica Smith,UK
26,Stephen Mckee,Canada
27,Sandra Aguilar,India
28,Cameron Parker,India
29,Rebecca Valencia,Germany
30,Christine Wright,UK
31,Richard Henson,India
32,Marc Moore,Australia
33,Sharon Cherry,Australia
34,Sierra Johnson,UK
35,Evelyn Galvan,Australia
36,Sharon Cochran,Canada
37,Richard Rodriguez,Germany
38,Shannon Walker,Australia
39,Julia Torres,Australia
40,Crystal Johnson,Canada
41,Garrett Lin,Germany
42,Diana May,India
43,William Herrera,Germany
44,Ashley Waller,USA
45,Victor Baker,UK
46,Jeffrey Chandler,UK
47,Larry Dixon,USA
48,Kenneth Scott,Canada
49,April Frost,USA
50,Michelle Harmon,India
51,Helen Jones,India
52,Erin Edwards,UK
53,Michelle Evans,India
54,Jason Powell,UK
55,Cameron Fisher,USA
56,Megan Orr,USA
57,Elizabeth Kelley,Australia
58,Dustin Jordan,Australia
59,Mary Marshall,USA
60,Daniel Kennedy,UK
61,Rebecca Jackson,USA
62,Jose Schultz,USA
63,Robert Potter,Canada
64,Courtney Gonzalez,USA
65,David Alvarez,India
66,Angel Perry,UK
67,Cheyenne Horton,Canada
68,David Douglas Jr.,Australia
69,Patricia Rodriguez,Germany
70,Christopher Rubio,UK
71,Amber Wright,India
72,Joyce Solis,UK
73,Victoria Larson,Australia
74,Stephanie Salazar,India
75,Kathy Rivas,India
76,Stephanie Manning,Germany
77,David Wright,UK
78,Pamela Boyd,Germany
79,Denise Jones,Germany
80,Devon Flores,UK
81,Brenda Hall,USA
82,Michelle Brown,USA
83,Joshua Perry,Australia
84,Jason Stein,Germany
85,Melissa Gates,Canada
86,Jamie Smith,Germany
87,Paul Castaneda,Germany
88,Jennifer Adkins,Germany
89,Lindsey Walker,Australia
90,Jeffrey Johnson,USA
91,Michael Powell,Australia
92,John Anderson,Australia
93,Alyssa Long,Australia
94,Alyssa Day,USA
95,Joel Williams,USA
96,Daniel Murphy,Germany
97,Jamie Walton,Australia
98,Darlene Miller,Canada
99,Joshua Cooke,USA
100,Matthew Harrington,UK
